{
  "HTTP Request-1" : {
    "transaction" : "HTTP Request-1",
    "sampleCount" : 9184,
    "errorCount" : 0,
    "errorPct" : 0.0,
    "meanResTime" : 1113.966463414629,
    "medianResTime" : 705.0,
    "minResTime" : 450.0,
    "maxResTime" : 21360.0,
    "pct1ResTime" : 1782.0,
    "pct2ResTime" : 3557.0,
    "pct3ResTime" : 8504.099999999988,
    "throughput" : 35.662695515757754,
    "receivedKBytesPerSec" : 112.42116632818689,
    "sentKBytesPerSec" : 4.31852953511129
  },
  "Total" : {
    "transaction" : "Total",
    "sampleCount" : 27552,
    "errorCount" : 0,
    "errorPct" : 0.0,
    "meanResTime" : 950.9740127758452,
    "medianResTime" : 712.0,
    "minResTime" : 225.0,
    "maxResTime" : 21609.0,
    "pct1ResTime" : 1284.9000000000015,
    "pct2ResTime" : 2249.9500000000007,
    "pct3ResTime" : 6694.81000000003,
    "throughput" : 106.81843734613253,
    "receivedKBytesPerSec" : 240.3396136908616,
    "sentKBytesPerSec" : 17.24672686317765
  },
  "HTTP Request-0" : {
    "transaction" : "HTTP Request-0",
    "sampleCount" : 9184,
    "errorCount" : 0,
    "errorPct" : 0.0,
    "meanResTime" : 312.4641768292681,
    "medianResTime" : 303.0,
    "minResTime" : 225.0,
    "maxResTime" : 943.0,
    "pct1ResTime" : 364.0,
    "pct2ResTime" : 395.0,
    "pct3ResTime" : 483.0,
    "throughput" : 36.50093398513573,
    "receivedKBytesPerSec" : 8.126109262598863,
    "sentKBytesPerSec" : 4.420034974762529
  },
  "HTTP Request" : {
    "transaction" : "HTTP Request",
    "sampleCount" : 9184,
    "errorCount" : 0,
    "errorPct" : 0.0,
    "meanResTime" : 1426.491398083622,
    "medianResTime" : 1024.0,
    "minResTime" : 700.0,
    "maxResTime" : 21609.0,
    "pct1ResTime" : 2086.0,
    "pct2ResTime" : 3864.5,
    "pct3ResTime" : 8814.3,
    "throughput" : 35.60614578204417,
    "receivedKBytesPerSec" : 120.1698068454308,
    "sentKBytesPerSec" : 8.623363431588825
  }
}