{
  "read" : {
    "transaction" : "read",
    "sampleCount" : 11045,
    "errorCount" : 0,
    "errorPct" : 0.0,
    "meanResTime" : 2.275328202806709,
    "medianResTime" : 2.0,
    "minResTime" : 0.0,
    "maxResTime" : 15.0,
    "pct1ResTime" : 3.0,
    "pct2ResTime" : 4.0,
    "pct3ResTime" : 5.0,
    "throughput" : 86.47755654904049,
    "receivedKBytesPerSec" : 53.50772814865997,
    "sentKBytesPerSec" : 26.811477140603344
  },
  "update" : {
    "transaction" : "update",
    "sampleCount" : 10370,
    "errorCount" : 0,
    "errorPct" : 0.0,
    "meanResTime" : 3.2760848601735657,
    "medianResTime" : 3.0,
    "minResTime" : 1.0,
    "maxResTime" : 18.0,
    "pct1ResTime" : 4.0,
    "pct2ResTime" : 5.0,
    "pct3ResTime" : 7.0,
    "throughput" : 83.83185125303153,
    "receivedKBytesPerSec" : 53.550353362469686,
    "sentKBytesPerSec" : 36.67362444421988
  },
  "read_todo" : {
    "transaction" : "read_todo",
    "sampleCount" : 10407,
    "errorCount" : 0,
    "errorPct" : 0.0,
    "meanResTime" : 1.1948688382819204,
    "medianResTime" : 1.0,
    "minResTime" : 0.0,
    "maxResTime" : 10.0,
    "pct1ResTime" : 2.0,
    "pct2ResTime" : 2.0,
    "pct3ResTime" : 3.0,
    "throughput" : 84.1316421313026,
    "receivedKBytesPerSec" : 25.176095299881162,
    "sentKBytesPerSec" : 13.345083125166736
  },
  "update_todo" : {
    "transaction" : "update_todo",
    "sampleCount" : 10331,
    "errorCount" : 0,
    "errorPct" : 0.0,
    "meanResTime" : 1.6607298422224437,
    "medianResTime" : 2.0,
    "minResTime" : 0.0,
    "maxResTime" : 15.0,
    "pct1ResTime" : 2.0,
    "pct2ResTime" : 3.0,
    "pct3ResTime" : 5.0,
    "throughput" : 83.51927305652568,
    "receivedKBytesPerSec" : 25.23718841201413,
    "sentKBytesPerSec" : 19.201615945038643
  },
  "delete" : {
    "transaction" : "delete",
    "sampleCount" : 10195,
    "errorCount" : 0,
    "errorPct" : 0.0,
    "meanResTime" : 3.0619911721431934,
    "medianResTime" : 3.0,
    "minResTime" : 1.0,
    "maxResTime" : 17.0,
    "pct1ResTime" : 4.0,
    "pct2ResTime" : 4.0,
    "pct3ResTime" : 6.0,
    "throughput" : 82.41913708497377,
    "receivedKBytesPerSec" : 30.685885293297332,
    "sentKBytesPerSec" : 30.109707339304915
  },
  "delete_person" : {
    "transaction" : "delete_person",
    "sampleCount" : 10155,
    "errorCount" : 0,
    "errorPct" : 0.0,
    "meanResTime" : 1.5065484982767035,
    "medianResTime" : 1.0,
    "minResTime" : 0.0,
    "maxResTime" : 13.0,
    "pct1ResTime" : 2.0,
    "pct2ResTime" : 2.0,
    "pct3ResTime" : 4.0,
    "throughput" : 82.0970936577873,
    "receivedKBytesPerSec" : 15.313032117809936,
    "sentKBytesPerSec" : 15.105766704393872
  },
  "read_person" : {
    "transaction" : "read_person",
    "sampleCount" : 11045,
    "errorCount" : 0,
    "errorPct" : 0.0,
    "meanResTime" : 1.1494794024445396,
    "medianResTime" : 1.0,
    "minResTime" : 0.0,
    "maxResTime" : 13.0,
    "pct1ResTime" : 2.0,
    "pct2ResTime" : 2.0,
    "pct3ResTime" : 3.0,
    "throughput" : 86.47687947260457,
    "receivedKBytesPerSec" : 29.124213012441086,
    "sentKBytesPerSec" : 13.886528823342886
  },
  "Total" : {
    "transaction" : "Total",
    "sampleCount" : 84703,
    "errorCount" : 0,
    "errorPct" : 0.0,
    "meanResTime" : 1.598939825035712,
    "medianResTime" : 1.0,
    "minResTime" : 0.0,
    "maxResTime" : 112.0,
    "pct1ResTime" : 2.0,
    "pct2ResTime" : 2.0,
    "pct3ResTime" : 3.0,
    "throughput" : 657.1880794804752,
    "receivedKBytesPerSec" : 184.9085296737646,
    "sentKBytesPerSec" : 131.56907189049323
  },
  "delete_todo" : {
    "transaction" : "delete_todo",
    "sampleCount" : 10195,
    "errorCount" : 0,
    "errorPct" : 0.0,
    "meanResTime" : 1.5613536047081944,
    "medianResTime" : 2.0,
    "minResTime" : 0.0,
    "maxResTime" : 16.0,
    "pct1ResTime" : 2.0,
    "pct2ResTime" : 2.0,
    "pct3ResTime" : 4.0,
    "throughput" : 82.41913708497377,
    "receivedKBytesPerSec" : 15.373100764873037,
    "sentKBytesPerSec" : 15.004184873117374
  },
  "create" : {
    "transaction" : "create",
    "sampleCount" : 11119,
    "errorCount" : 0,
    "errorPct" : 0.0,
    "meanResTime" : 4.057469196870233,
    "medianResTime" : 3.0,
    "minResTime" : 1.0,
    "maxResTime" : 139.0,
    "pct1ResTime" : 4.0,
    "pct2ResTime" : 5.0,
    "pct3ResTime" : 24.799999999999272,
    "throughput" : 86.8271656033547,
    "receivedKBytesPerSec" : 51.36940358057614,
    "sentKBytesPerSec" : 41.16966776544405
  },
  "create_person" : {
    "transaction" : "create_person",
    "sampleCount" : 11119,
    "errorCount" : 0,
    "errorPct" : 0.0,
    "meanResTime" : 2.7310909254429427,
    "medianResTime" : 2.0,
    "minResTime" : 1.0,
    "maxResTime" : 112.0,
    "pct1ResTime" : 2.0,
    "pct2ResTime" : 3.0,
    "pct3ResTime" : 15.0,
    "throughput" : 86.94802198919308,
    "receivedKBytesPerSec" : 25.51028886230167,
    "sentKBytesPerSec" : 18.934969632412166
  },
  "update_person" : {
    "transaction" : "update_person",
    "sampleCount" : 10370,
    "errorCount" : 0,
    "errorPct" : 0.0,
    "meanResTime" : 1.6216007714561218,
    "medianResTime" : 2.0,
    "minResTime" : 0.0,
    "maxResTime" : 16.0,
    "pct1ResTime" : 2.0,
    "pct2ResTime" : 2.0,
    "pct3ResTime" : 4.0,
    "throughput" : 83.83320668078707,
    "receivedKBytesPerSec" : 28.31443881974648,
    "sentKBytesPerSec" : 17.47291191298566
  },
  "create_todo" : {
    "transaction" : "create_todo",
    "sampleCount" : 11081,
    "errorCount" : 0,
    "errorPct" : 0.0,
    "meanResTime" : 1.3308365670968303,
    "medianResTime" : 1.0,
    "minResTime" : 0.0,
    "maxResTime" : 28.0,
    "pct1ResTime" : 2.0,
    "pct2ResTime" : 2.0,
    "pct3ResTime" : 8.0,
    "throughput" : 86.75806236934616,
    "receivedKBytesPerSec" : 25.962694292531495,
    "sentKBytesPerSec" : 22.319579346026167
  }
}